	YiSi-1	HUMAN_RAW	COMET-2R	COMET	prism	paresim-1	esim	parchrf++	YiSi-0	CharacTER	chrF	chrF++	BERT-base-L2	EED	BLEURT	MEE	OpenKiwi-XLMR	mBERT-L2	COMET-HTER	TER	COMET-MQM	BERT-large-L2	OpenKiwi-Bert	YiSi-2	parbleu	BLEURT-extended	BLEU	sentBLEU	COMET-Rank	COMET-QE
YiSi-1	0.12	0.12	0.12	0.12	0.12	0.12	0.12	0.12	0.12	0.12	0.12	0.12	0.12	0.12	0.019266002926080526	0.016421245360129927	0.010707749806050946	0.013083816637091399	0.04563878499500756	0.005310281804094539	0.0008184213596346565	0.001276899448986837	0.00036737365196581293	0.003873289943606054	0.000700414831957082	0.00030778538666939126	0.0004834316136734346	0.00012805227858598707	1.7465757600720703e-05	3.3538386376606334e-06
HUMAN_RAW	0.12	0.12	0.12	0.12	0.12	0.12	0.12	0.12	0.12	0.12	0.12	0.12	0.12	0.12	0.12	0.12	0.12	0.12	0.12	0.018543782599248198	0.00848333081281808	0.007104623747057555	0.003910945310278707	0.0038176346625018384	0.0017869401034405227	0.0014706006735767008	0.00141987618327699	0.0003524887234523711	5.977082321327262e-05	1.1817028486643587e-05
COMET-2R	0.12	0.12	0.12	0.12	0.12	0.12	0.12	0.12	0.12	0.12	0.12	0.12	0.12	0.12	0.12	0.12	0.04354041266264854	0.12	0.0018122689648800423	0.02073073647836744	0.009929891423788986	0.008119898053307055	0.005004515702375728	0.000374163413117909	0.0013737627364179064	0.0016613397154867293	0.0013518033971425334	0.0002675917904442796	4.735539125918585e-05	1.0337479289276495e-05
COMET	0.12	0.12	0.12	0.12	0.12	0.12	0.12	0.12	0.12	0.12	0.12	0.12	0.030787533216580284	0.12	0.009876500247124555	0.040900352385862974	0.0013816432310857262	0.008742718727823758	0.12	0.01301993109397859	0.0028895291868106434	0.0018006550091467385	0.0001670907821167343	0.005304592056851386	0.0016507985619175062	0.00031891468441851595	0.0013252796426614566	0.00030128907886743775	3.280349824708433e-05	6.758446036843138e-06
prism	0.12	0.12	0.12	0.12	0.12	0.12	0.12	0.12	0.12	0.12	0.12	0.12	0.12	0.12	0.12	0.12	0.12	0.12	0.0015570542123490556	0.026075775268424264	0.012178211317471169	0.010067579205281755	0.006480860482751676	0.00036461177844081873	0.0020955200703589405	0.002050864826814245	0.0019754421714078037	0.00041323019900069835	6.629670066287722e-05	1.4215104837598172e-05
paresim-1	0.12	0.12	0.12	0.12	0.12	0.12	0.12	0.12	0.12	0.12	0.12	0.12	0.12	0.12	0.12	0.12	0.00015274904682711086	0.12	0.12	0.04531192889797643	0.014791915858423122	0.011377706468365287	0.0004209190860359411	0.011852094701821265	0.005607972540622761	0.002228445381528258	0.004582812798142858	0.0011744573170981317	0.00017820824950730526	3.124998069656644e-05
esim	0.12	0.12	0.12	0.12	0.12	0.12	0.12	0.12	0.12	0.12	0.12	0.12	0.12	0.12	0.12	0.12	0.0004678902966007573	0.12	0.12	0.04940699639292843	0.016963507003127404	0.013190382167608455	0.000690944871217874	0.012892910707044038	0.006223089802612647	0.002651995688092293	0.005083378005437445	0.0013140069216747035	0.00020282209767191108	3.578333196977549e-05
parchrf++	0.12	0.12	0.12	0.12	0.12	0.12	0.12	0.12	0.12	0.12	0.12	0.04027443001219542	0.12	0.12	0.12	0.03695823143624095	0.12	0.12	0.12	0.012090262474364627	0.016119838341674565	0.012607296492693232	0.013909229546920107	0.014274210272050444	0.001810296309936466	0.0034518698331205255	0.000600253958159024	0.0003179129208743278	9.574563967926828e-05	1.4663685219573377e-05
YiSi-0	0.12	0.12	0.12	0.12	0.12	0.12	0.12	0.12	0.12	0.12	0.12	0.12	0.12	0.12	0.12	0.006407992353221604	0.12	0.12	0.12	0.0011747898034545955	0.006846574639780646	0.0040912037790409575	0.009369921703875532	0.013940197278787042	0.0002954703646534473	0.001171658603915102	6.94571050708777e-05	4.65320950149628e-05	2.1403972696877164e-05	3.2376358446083214e-06
CharacTER	0.12	0.12	0.12	0.12	0.12	0.12	0.12	0.12	0.12	0.12	0.12	0.12	0.12	0.12	0.12	0.03890454250368841	0.12	0.12	0.12	0.00732833907500364	0.018136661215909962	0.010060065874250504	0.01533438884835525	0.015406048351448879	0.0014585497615007615	0.0025397909724560984	0.0005385947781034353	0.00019958114748055237	4.9229120024560236e-05	1.0548656040700217e-05
chrF	0.12	0.12	0.12	0.12	0.12	0.12	0.12	0.12	0.12	0.12	0.12	0.12	0.12	0.12	0.12	0.043284561897934413	0.12	0.12	0.12	0.015211759906652815	0.019599414238767383	0.015606671516498243	0.016342875340707306	0.01653157455505929	0.0023670149148482715	0.004227101961650877	0.0008368124806045529	0.00040101605664185307	0.00012157867209341787	1.965357079874002e-05
chrF++	0.12	0.12	0.12	0.12	0.12	0.12	0.12	0.12	0.12	0.12	0.12	0.12	0.12	0.12	0.12	0.12	0.12	0.12	0.12	0.018496167121809164	0.024984831182448607	0.02118825773577759	0.023146457909842752	0.02362395726275036	0.0026290842808828997	0.005908928075411571	0.000788945247419645	0.0004331913691036926	0.00015156233129443942	2.2759257601056402e-05
BERT-base-L2	0.12	0.12	0.12	0.12	0.12	0.12	0.12	0.12	0.12	0.12	0.12	0.12	0.12	0.12	0.030577634329154703	0.12	0.026276303487063373	0.03121925325503038	0.12	0.04989768843670325	0.014489416354276983	0.0034427725236883993	0.00013150758965398317	0.020592073488872	0.0066526178306874646	0.0005328257073581642	0.005916320360912033	0.0013797485807863072	0.00012175172681931092	1.7116162838806777e-05
EED	0.12	0.12	0.12	0.12	0.12	0.12	0.12	0.12	0.12	0.12	0.12	0.12	0.12	0.12	0.12	0.028955506024414737	0.12	0.12	0.12	0.005225044430913507	0.02296576055154281	0.007217837333885804	0.023997428717346034	0.025449070729510297	0.0006499760697704737	0.0015480500453012947	0.00022000816454935683	5.256577030449332e-05	1.967859445578705e-05	3.8110196681980704e-06
BLEURT	0.12	0.12	0.12	0.12	0.12	0.12	0.12	0.12	0.12	0.12	0.12	0.12	0.12	0.12	0.12	0.12	0.12	0.12	0.12	0.12	0.12	0.003471786669573556	0.006061883258882737	0.12	0.01776521280632631	0.00020679631727608095	0.01761098211027522	0.003455504292081381	0.00015281935006830798	2.1531903748610458e-05
MEE	0.12	0.12	0.12	0.12	0.12	0.12	0.12	0.12	0.12	0.12	0.12	0.12	0.12	0.12	0.12	0.12	0.12	0.12	0.12	0.12	0.12	0.12	0.12	0.12	0.004875948813288927	0.015508377872812486	0.0015987168483349076	0.0002553609770375612	0.00016790776220069646	2.686336820589632e-05
OpenKiwi-XLMR	0.12	0.12	0.12	0.12	0.12	0.12	0.12	0.12	0.12	0.12	0.12	0.12	0.12	0.12	0.12	0.12	0.12	0.12	0.12	0.12	0.12	0.12	0.003991031371294468	0.12	0.12	0.024302431084854123	0.12	0.01568221985179575	0.0024967242434379374	0.00041087044862990094
mBERT-L2	0.12	0.12	0.12	0.12	0.12	0.12	0.12	0.12	0.12	0.12	0.12	0.12	0.12	0.12	0.12	0.12	0.12	0.12	0.12	0.12	0.12	0.006292953851654464	0.01367149933113808	0.12	0.02513451623560107	7.665753062908109e-05	0.02675324900812788	0.004201421458522107	0.0001217629250910465	2.056524443500904e-05
COMET-HTER	0.12	0.12	0.12	0.12	0.12	0.12	0.12	0.12	0.12	0.12	0.12	0.12	0.12	0.12	0.12	0.12	0.12	0.12	0.12	0.12	0.12	0.12	0.12	0.013898427568648359	0.03707236436719469	0.043546611751024936	0.03845628941525344	0.00782596978321774	0.0010797373515775749	0.00021903451956406254
TER	0.12	0.12	0.12	0.12	0.12	0.12	0.12	0.12	0.12	0.12	0.12	0.12	0.12	0.12	0.12	0.12	0.12	0.12	0.12	0.12	0.12	0.12	0.12	0.12	0.0036945951373111804	0.047384774531683785	0.001298772369967481	0.0006038015458205645	0.0001806102143038219	9.966950865990517e-06
COMET-MQM	0.12	0.12	0.12	0.12	0.12	0.12	0.12	0.12	0.12	0.12	0.12	0.12	0.12	0.12	0.12	0.12	0.12	0.12	0.12	0.12	0.12	0.12	0.12	0.12	0.12	0.12	0.12	0.03034205417562579	0.0024253131106781816	0.0003033789721707811
BERT-large-L2	0.12	0.12	0.12	0.12	0.12	0.12	0.12	0.12	0.12	0.12	0.12	0.12	0.12	0.12	0.12	0.12	0.12	0.12	0.12	0.12	0.12	0.12	0.12	0.12	0.12	0.0011902479241766657	0.12	0.027484174626622303	0.0004150261876697932	1.4250549168405203e-05
OpenKiwi-Bert	0.12	0.12	0.12	0.12	0.12	0.12	0.12	0.12	0.12	0.12	0.12	0.12	0.12	0.12	0.12	0.12	0.12	0.12	0.12	0.12	0.12	0.12	0.12	0.12	0.12	0.12	0.12	0.12	0.02468138899271099	0.0037196407548912578
YiSi-2	0.12	0.12	0.12	0.12	0.12	0.12	0.12	0.12	0.12	0.12	0.12	0.12	0.12	0.12	0.12	0.12	0.12	0.12	0.12	0.12	0.12	0.12	0.12	0.12	0.12	0.12	0.12	0.12	0.013639475148059724	0.002129359902263045
parbleu	0.12	0.12	0.12	0.12	0.12	0.12	0.12	0.12	0.12	0.12	0.12	0.12	0.12	0.12	0.12	0.12	0.12	0.12	0.12	0.12	0.12	0.12	0.12	0.12	0.12	0.12	0.12	0.0015742729629626292	0.0016743327222054477	1.7370611122265563e-05
BLEURT-extended	0.12	0.12	0.12	0.12	0.12	0.12	0.12	0.12	0.12	0.12	0.12	0.12	0.12	0.12	0.12	0.12	0.12	0.12	0.12	0.12	0.12	0.12	0.12	0.12	0.12	0.12	0.12	0.12	0.005124009599021166	0.00026429815555738826
BLEU	0.12	0.12	0.12	0.12	0.12	0.12	0.12	0.12	0.12	0.12	0.12	0.12	0.12	0.12	0.12	0.12	0.12	0.12	0.12	0.12	0.12	0.12	0.12	0.12	0.12	0.12	0.12	0.023118480851012476	0.012304712968835545	0.0004554378053932048
sentBLEU	0.12	0.12	0.12	0.12	0.12	0.12	0.12	0.12	0.12	0.12	0.12	0.12	0.12	0.12	0.12	0.12	0.12	0.12	0.12	0.12	0.12	0.12	0.12	0.12	0.12	0.12	0.12	0.12	0.02715718386394939	0.0008681797291321717
COMET-Rank	0.12	0.12	0.12	0.12	0.12	0.12	0.12	0.12	0.12	0.12	0.12	0.12	0.12	0.12	0.12	0.12	0.12	0.12	0.12	0.12	0.12	0.12	0.12	0.12	0.12	0.12	0.12	0.12	0.12	0.0028013220087770847
COMET-QE	0.12	0.12	0.12	0.12	0.12	0.12	0.12	0.12	0.12	0.12	0.12	0.12	0.12	0.12	0.12	0.12	0.12	0.12	0.12	0.12	0.12	0.12	0.12	0.12	0.12	0.12	0.12	0.12	0.12	0.12
