	HUMAN_RAW	esim	paresim-1	COMET	COMET-2R	bleurt-Yisi-combi	Yisi-combi	YiSi-1	mBERT-L2	BLEURT-extended	OpenKiwi-XLMR	EED	chrF	CharacTER	prism	chrF++	parchrf++	MEE	YiSi-0	COMET-HTER	TER	sentBLEU	BLEU	parbleu	COMET-QE	YiSi-2	COMET-MQM	COMET-Rank	OpenKiwi-Bert
HUMAN_RAW	0.12	0.12	0.12	0.12	0.12	0.12	0.12	0.12	0.12	0.12	0.12	0.12	0.12	0.049531116209840104	0.12	0.12	0.04626121120377003	0.04327786300101808	0.02785752007016999	0.039204481171871974	0.011330696064697091	0.012791164155584024	0.00875749413444602	0.004122016772859116	0.003565877737494341	0.0021903274168066397	0.001876767771438359	0.0015930459946298455	0.000886187810254016
esim	0.12	0.12	0.12	0.12	0.12	0.12	0.12	0.12	0.12	0.12	0.12	0.12	0.12	0.12	0.029699870767530032	0.03651143997955071	0.01950851218014474	0.009092455547387175	0.12	0.014707815496249279	0.02829254519835947	0.0019493437626740499	0.0011983043918712569	0.00037334305366324046	0.00026829463514496595	0.005641443005856294	0.0003712326041253441	0.00022908617866549026	0.0006176683543582714
paresim-1	0.12	0.12	0.12	0.12	0.12	0.12	0.12	0.12	0.12	0.12	0.12	0.12	0.12	0.12	0.12	0.12	0.12	0.04200050349208489	0.12	0.018095865804990993	0.12	0.006610420441017975	0.004475613973442519	0.0009805294557507453	0.00016128821617760887	0.014887384658088173	0.00024433853670456055	0.00015859966958335108	0.0006452760743410408
COMET	0.12	0.12	0.12	0.12	0.12	0.12	0.12	0.12	0.12	0.12	0.12	0.12	0.12	0.12	0.12	0.12	0.12	0.12	0.12	0.12	0.030260784876877986	0.01968778875482658	0.01672726725611447	0.002658466838470809	0.0034293057169866225	0.01557801328793663	0.007088936804410022	0.005485830721799704	0.004610177352810942
COMET-2R	0.12	0.12	0.12	0.12	0.12	0.12	0.12	0.12	0.12	0.12	0.12	0.12	0.12	0.12	0.12	0.12	0.12	0.12	0.12	0.12	0.04220488043799721	0.04372380980180903	0.031621216576630536	0.011034262971245736	0.012684933618894518	0.006540070908911638	0.012265569928789948	0.0100172443179985	0.00738355816116086
bleurt-Yisi-combi	0.12	0.12	0.12	0.12	0.12	0.12		0.12	0.12	0.12	0.12	0.12	0.12	0.12	0.12	0.12	0.0331791089915432	0.0024045771284272282	0.12	0.12	0.021617028649446722	0.0002925367119137294	0.00037691436376604865	4.878778535330198e-05	0.0019771702320896174	0.017672292444445282	0.004653418379455792	0.0029472943074458353	0.003629634874689077
Yisi-combi	0.12	0.12	0.12	0.12	0.12		0.12	0.12	0.12	0.12	0.12	0.12	0.12	0.12	0.12	0.12	0.0331791089915432	0.0024045771284272282	0.12	0.12	0.021617028649446722	0.0002925367119137294	0.00037691436376604865	4.878778535330198e-05	0.0019771702320896174	0.017672292444445282	0.004653418379455792	0.0029472943074458353	0.003629634874689077
YiSi-1	0.12	0.12	0.12	0.12	0.12	0.12	0.12	0.12	0.12	0.12	0.12	0.12	0.12	0.12	0.12	0.12	0.02018863573585726	0.12	0.04034302958280684	0.12	0.0165985045670916	0.010985465016536545	0.004769879577160826	0.0026411428713359613	0.006322609469115984	0.010000524926301567	0.009251739535202455	0.006043426663664028	0.006507406929970644
mBERT-L2	0.12	0.12	0.12	0.12	0.12	0.12	0.12	0.12	0.12	0.12	0.12	0.12	0.12	0.12	0.12	0.12	0.12	0.12	0.12	0.016253438442346876	0.12	0.033237845802802264	0.03107650848395037	0.004570635020120831	0.0007900874673361569	0.030723800434569952	0.001396264837835734	0.0017147692628582821	0.0005365039928016398
BLEURT-extended	0.12	0.12	0.12	0.12	0.12	0.12	0.12	0.12	0.12	0.12	0.12	0.12	0.12	0.12	0.12	0.12	0.12	0.12	0.12	0.12	0.12	0.01815276537833838	0.018138664222069566	0.0016853449771321977	0.0012521952075858237	0.03090289712064426	0.005313705640387498	0.004148085766498963	0.003074103779379942
OpenKiwi-XLMR	0.12	0.12	0.12	0.12	0.12	0.12	0.12	0.12	0.12	0.12	0.12	0.12	0.12	0.12	0.12	0.12	0.12	0.12	0.12	0.12	0.12	0.04203346091606964	0.03953897579429952	0.00491827189482282	0.0032573495965575916	0.03365097643308072	0.005383223580617684	0.00553031493834661	0.00369512609814595
EED	0.12	0.12	0.12	0.12	0.12	0.12	0.12	0.12	0.12	0.12	0.12	0.12	0.12	0.12	0.12	0.12	0.12	0.12	0.12	0.12	0.0040002263020018376	0.043754003973726974	0.02839770088420947	0.011014925873611942	0.029625073055664836	0.029485367949510843	0.026710155848929034	0.020906485860241027	0.015300657973266924
chrF	0.12	0.12	0.12	0.12	0.12	0.12	0.12	0.12	0.12	0.12	0.12	0.12	0.12	0.12	0.12	0.12	0.12	0.12	0.12	0.12	0.12	0.12	0.01838855223998395	0.015932220347746343	0.035845859997669316	0.023956967375370012	0.0295632233595687	0.02177670192125724	0.018932032667352428
CharacTER	0.12	0.12	0.12	0.12	0.12	0.12	0.12	0.12	0.12	0.12	0.12	0.12	0.12	0.12	0.12	0.12	0.12	0.12	0.12	0.12	0.12	0.12	0.12	0.03894283347576155	0.12	0.027850370174434372	0.038332782929062774	0.029176852386369464	0.023352439358641418
prism	0.12	0.12	0.12	0.12	0.12	0.12	0.12	0.12	0.12	0.12	0.12	0.12	0.12	0.12	0.12	0.12	0.12	0.12	0.12	0.12	0.12	0.12	0.03208265355884445	0.004876804341139712	0.003050503092666512	0.12	0.01021870950316282	0.0063828003169620505	0.008487012728715408
chrF++	0.12	0.12	0.12	0.12	0.12	0.12	0.12	0.12	0.12	0.12	0.12	0.12	0.12	0.12	0.12	0.12	0.12	0.12	0.12	0.12	0.12	0.04717552339135003	0.011573439646233592	0.013125667054143367	0.03982423613597159	0.04306959419602796	0.03434621155021631	0.02437297098025847	0.023247062460604567
parchrf++	0.12	0.12	0.12	0.12	0.12	0.12	0.12	0.12	0.12	0.12	0.12	0.12	0.12	0.12	0.12	0.12	0.12	0.12	0.12	0.12	0.12	0.12	0.020338868502768	0.011606851154875728	0.03501677731821318	0.04724674021639118	0.03433044518963403	0.0238252382562787	0.024324321502174867
MEE	0.12	0.12	0.12	0.12	0.12	0.12	0.12	0.12	0.12	0.12	0.12	0.12	0.12	0.12	0.12	0.12	0.12	0.12	0.12	0.12	0.12	0.005031190447560355	0.0025481548975278888	0.00127439932951805	0.027939164006386796	0.12	0.026832256166004938	0.018539693397824412	0.019278097876527567
YiSi-0	0.12	0.12	0.12	0.12	0.12	0.12	0.12	0.12	0.12	0.12	0.12	0.12	0.12	0.12	0.12	0.12	0.12	0.12	0.12	0.12	0.12	0.12	0.12	0.12	0.12	0.12	0.12	0.12	0.03805686930726401
COMET-HTER	0.12	0.12	0.12	0.12	0.12	0.12	0.12	0.12	0.12	0.12	0.12	0.12	0.12	0.12	0.12	0.12	0.12	0.12	0.12	0.12	0.12	0.12	0.12	0.03799571242465235	0.001094550994532515	0.12	0.0036567550220241406	0.0026063223680005084	0.0027387665117422303
TER	0.12	0.12	0.12	0.12	0.12	0.12	0.12	0.12	0.12	0.12	0.12	0.12	0.12	0.12	0.12	0.12	0.12	0.12	0.12	0.12	0.12	0.12	0.12	0.12	0.12	0.12	0.12	0.12	0.12
sentBLEU	0.12	0.12	0.12	0.12	0.12	0.12	0.12	0.12	0.12	0.12	0.12	0.12	0.12	0.12	0.12	0.12	0.12	0.12	0.12	0.12	0.12	0.12	0.12	0.006236282897070918	0.12	0.12	0.12	0.12	0.12
BLEU	0.12	0.12	0.12	0.12	0.12	0.12	0.12	0.12	0.12	0.12	0.12	0.12	0.12	0.12	0.12	0.12	0.12	0.12	0.12	0.12	0.12	0.12	0.12	0.12	0.12	0.12	0.12	0.12	0.12
parbleu	0.12	0.12	0.12	0.12	0.12	0.12	0.12	0.12	0.12	0.12	0.12	0.12	0.12	0.12	0.12	0.12	0.12	0.12	0.12	0.12	0.12	0.12	0.12	0.12	0.12	0.12	0.12	0.12	0.12
COMET-QE	0.12	0.12	0.12	0.12	0.12	0.12	0.12	0.12	0.12	0.12	0.12	0.12	0.12	0.12	0.12	0.12	0.12	0.12	0.12	0.12	0.12	0.12	0.12	0.12	0.12	0.12	0.12	0.12	0.12
YiSi-2	0.12	0.12	0.12	0.12	0.12	0.12	0.12	0.12	0.12	0.12	0.12	0.12	0.12	0.12	0.12	0.12	0.12	0.12	0.12	0.12	0.12	0.12	0.12	0.12	0.12	0.12	0.12	0.12	0.12
COMET-MQM	0.12	0.12	0.12	0.12	0.12	0.12	0.12	0.12	0.12	0.12	0.12	0.12	0.12	0.12	0.12	0.12	0.12	0.12	0.12	0.12	0.12	0.12	0.12	0.12	0.12	0.12	0.12	0.12	0.12
COMET-Rank	0.12	0.12	0.12	0.12	0.12	0.12	0.12	0.12	0.12	0.12	0.12	0.12	0.12	0.12	0.12	0.12	0.12	0.12	0.12	0.12	0.12	0.12	0.12	0.12	0.12	0.12	0.12	0.12	0.12
OpenKiwi-Bert	0.12	0.12	0.12	0.12	0.12	0.12	0.12	0.12	0.12	0.12	0.12	0.12	0.12	0.12	0.12	0.12	0.12	0.12	0.12	0.12	0.12	0.12	0.12	0.12	0.12	0.12	0.12	0.12	0.12
